{
    "10": [
        265.66150971122596,
        90.22279916337519,
        31.287771206562713,
        75.58568432394458
    ],
    "20": [
        260.11428498874847,
        88.13910253068991,
        30.497583544078534,
        81.79547824722546
    ],
    "30": [
        270.4485503546346,
        75.03926693079701,
        31.836653236521016,
        90.25401867192795
    ],
    "40": [
        283.40109189381036,
        93.6888881878586,
        31.163955285351282,
        84.22976792942352
    ],
    "50": [
        299.7921143777549,
        79.23718256851737,
        33.04142936434452,
        102.6337311704171
    ],
    "60": [
        312.48321434472666,
        84.30212912903009,
        22.136957965920224,
        106.8324821272636
    ],
    "70": [
        320.7992020333518,
        82.65923475881826,
        22.322582216557052,
        101.24300493556593
    ],
    "80": [
        328.3674543743229,
        103.04044229247371,
        31.460739753631863,
        92.3707061773649
    ],
    "90": [
        329.35719053929165,
        88.9521261394274,
        32.08866503742478,
        95.7359526551749
    ],
    "100": [
        311.52262852203455,
        84.31824360539562,
        33.96549081526538,
        89.92305513419139
    ],
    "110": [
        276.53716794639274,
        59.741272865848146,
        24.57116987939124,
        92.42398353951634
    ]
}