{
    "10": [
        265.89801251767295,
        90.7564664194166,
        35.11501929374379,
        84.7290099955294
    ],
    "20": [
        261.4545640860029,
        82.91138161948149,
        34.022761198640204,
        79.9527489028555
    ],
    "30": [
        270.41812003799697,
        80.69315125931033,
        31.92651095096633,
        82.63772415309194
    ],
    "40": [
        283.4608751608198,
        86.82835362676153,
        27.548825178672598,
        90.26636518634507
    ],
    "50": [
        300.5760811922502,
        83.18455962991415,
        26.207408311858686,
        93.40207077508373
    ],
    "60": [
        308.5455378221508,
        82.74243464150663,
        28.681561408370296,
        101.06946257015949
    ],
    "70": [
        318.0375242549726,
        91.89519704479801,
        26.576197051740674,
        99.6107672608747
    ],
    "80": [
        331.08671398225204,
        102.93377441535215,
        28.803274140771574,
        94.71093371180424
    ],
    "90": [
        335.53265751665947,
        89.55517711501147,
        30.864254740830784,
        92.38656257611596
    ],
    "100": [
        315.1704433738983,
        80.35010962760006,
        29.2414460642192,
        90.81645663275802
    ],
    "110": [
        276.8045896762503,
        57.99511761963487,
        29.57445284525104,
        89.63150228642169
    ]
}